<?xml version="1.0" encoding="utf-8"?>
<edmx:Edmx Version="4.0" xmlns:edmx="http://docs.oasis-open.org/odata/ns/edmx">
    <edmx:Reference Uri="https://sap.github.io/odata-vocabularies/vocabularies/Common.xml">
        <edmx:Include Alias="Common" Namespace="com.sap.vocabularies.Common.v1"/>
    </edmx:Reference>
    <edmx:Reference Uri="https://oasis-tcs.github.io/odata-vocabularies/vocabularies/Org.OData.Core.V1.xml">
        <edmx:Include Alias="Core" Namespace="Org.OData.Core.V1"/>
    </edmx:Reference>
    <edmx:Reference Uri="https://sap.github.io/odata-vocabularies/vocabularies/UI.xml">
        <edmx:Include Alias="UI" Namespace="com.sap.vocabularies.UI.v1"/>
    </edmx:Reference>
    <edmx:Reference Uri="https://oasis-tcs.github.io/odata-vocabularies/vocabularies/Org.OData.Validation.V1.xml">
        <edmx:Include Alias="Validation" Namespace="Org.OData.Validation.V1"/>
    </edmx:Reference>
    <edmx:DataServices>
        <Schema Namespace="PackSpec" xmlns="http://docs.oasis-open.org/odata/ns/edm">
            <EntityContainer Name="EntityContainer">
                <EntitySet Name="PS_Header" EntityType="PackSpec.PS_Header">
                    <NavigationPropertyBinding Path="master_key" Target="PackSpec"/>
                </EntitySet>
                <EntitySet Name="PackSpec" EntityType="PackSpec.PackSpec">
                    <NavigationPropertyBinding Path="header" Target="PS_Header"/>
                </EntitySet>
            </EntityContainer>
            <EntityType Name="PS_Header">
                <Key>
                    <PropertyRef Name="ID"/>
                </Key>
                <Property Name="ID" Type="Edm.Guid" Nullable="false"/>
                <Property Name="createdAt" Type="Edm.DateTimeOffset" Precision="7"/>
                <Property Name="createdBy" Type="Edm.String" MaxLength="255"/>
                <Property Name="modifiedAt" Type="Edm.DateTimeOffset" Precision="7"/>
                <Property Name="modifiedBy" Type="Edm.String" MaxLength="255"/>
                <Property Name="ps_group" Type="Edm.String" MaxLength="4"/>
                <Property Name="material" Type="Edm.String" MaxLength="10"/>
                <NavigationProperty Name="master_key" Type="PackSpec.PackSpec" Partner="header">
                    <ReferentialConstraint Property="master_key_ID" ReferencedProperty="ID"/>
                </NavigationProperty>
                <Property Name="master_key_ID" Type="Edm.Guid"/>
            </EntityType>
            <EntityType Name="PackSpec">
                <Key>
                    <PropertyRef Name="ID"/>
                </Key>
                <Property Name="ID" Type="Edm.Guid" Nullable="false"/>
                <Property Name="createdAt" Type="Edm.DateTimeOffset" Precision="7"/>
                <Property Name="createdBy" Type="Edm.String" MaxLength="255"/>
                <Property Name="modifiedAt" Type="Edm.DateTimeOffset" Precision="7"/>
                <Property Name="modifiedBy" Type="Edm.String" MaxLength="255"/>
                <Property Name="ps_id" Type="Edm.Int32"/>
                <Property Name="ps_desc" Type="Edm.String"/>
                <NavigationProperty Name="header" Type="PackSpec.PS_Header" Partner="master_key">
                    <OnDelete Action="Cascade"/>
                    <ReferentialConstraint Property="ID" ReferencedProperty="master_key_ID"/>
                </NavigationProperty>
            </EntityType>
            <Annotations Target="PackSpec.PS_Header/createdAt">
                <Annotation Term="UI.HiddenFilter" Bool="true"/>
                <Annotation Term="Core.Immutable" Bool="true"/>
                <Annotation Term="Core.Computed" Bool="true"/>
                <Annotation Term="Common.Label" String="{i18n>CreatedAt}"/>
                </Annotations>
                <Annotations Target="PackSpec.PS_Header/createdBy">
                    <Annotation Term="UI.HiddenFilter" Bool="true"/>
                    <Annotation Term="Core.Immutable" Bool="true"/>
                    <Annotation Term="Core.Computed" Bool="true"/>
                    <Annotation Term="Core.Description" String="{i18n>UserID.Description}"/>
                        <Annotation Term="Common.Label" String="{i18n>CreatedBy}"/>
                        </Annotations>
                        <Annotations Target="PackSpec.PS_Header/modifiedAt">
                            <Annotation Term="UI.HiddenFilter" Bool="true"/>
                            <Annotation Term="Core.Computed" Bool="true"/>
                            <Annotation Term="Common.Label" String="{i18n>ChangedAt}"/>
                            </Annotations>
                            <Annotations Target="PackSpec.PS_Header/modifiedBy">
                                <Annotation Term="UI.HiddenFilter" Bool="true"/>
                                <Annotation Term="Core.Computed" Bool="true"/>
                                <Annotation Term="Core.Description" String="{i18n>UserID.Description}"/>
                                    <Annotation Term="Common.Label" String="{i18n>ChangedBy}"/>
                                    </Annotations>
                                    <Annotations Target="PackSpec.PS_Header/ps_group">
                                        <Annotation Term="Validation.AllowedValues">
                                            <Collection>
                                                <Record Type="Validation.AllowedValue">
                                                    <Annotation Term="Core.SymbolicName" String="ps1"/>
                                                    <PropertyValue Property="Value" String="PS1"/>
                                                </Record>
                                                <Record Type="Validation.AllowedValue">
                                                    <Annotation Term="Core.SymbolicName" String="ps2"/>
                                                    <PropertyValue Property="Value" String="PS2"/>
                                                </Record>
                                                <Record Type="Validation.AllowedValue">
                                                    <Annotation Term="Core.SymbolicName" String="ps3"/>
                                                    <PropertyValue Property="Value" String="PS3"/>
                                                </Record>
                                                <Record Type="Validation.AllowedValue">
                                                    <Annotation Term="Core.SymbolicName" String="ps4"/>
                                                    <PropertyValue Property="Value" String="PS4"/>
                                                </Record>
                                            </Collection>
                                        </Annotation>
                                    </Annotations>
                                    <Annotations Target="PackSpec.PackSpec/createdAt">
                                        <Annotation Term="UI.HiddenFilter" Bool="true"/>
                                        <Annotation Term="Core.Immutable" Bool="true"/>
                                        <Annotation Term="Core.Computed" Bool="true"/>
                                        <Annotation Term="Common.Label" String="{i18n>CreatedAt}"/>
                                        </Annotations>
                                        <Annotations Target="PackSpec.PackSpec/createdBy">
                                            <Annotation Term="UI.HiddenFilter" Bool="true"/>
                                            <Annotation Term="Core.Immutable" Bool="true"/>
                                            <Annotation Term="Core.Computed" Bool="true"/>
                                            <Annotation Term="Core.Description" String="{i18n>UserID.Description}"/>
                                                <Annotation Term="Common.Label" String="{i18n>CreatedBy}"/>
                                                </Annotations>
                                                <Annotations Target="PackSpec.PackSpec/modifiedAt">
                                                    <Annotation Term="UI.HiddenFilter" Bool="true"/>
                                                    <Annotation Term="Core.Computed" Bool="true"/>
                                                    <Annotation Term="Common.Label" String="{i18n>ChangedAt}"/>
                                                    </Annotations>
                                                    <Annotations Target="PackSpec.PackSpec/modifiedBy">
                                                        <Annotation Term="UI.HiddenFilter" Bool="true"/>
                                                        <Annotation Term="Core.Computed" Bool="true"/>
                                                        <Annotation Term="Core.Description" String="{i18n>UserID.Description}"/>
                                                            <Annotation Term="Common.Label" String="{i18n>ChangedBy}"/>
                                                            </Annotations>
                                                        </Schema>
                                                    </edmx:DataServices>
                                                </edmx:Edmx>